[
    {
        "id": 1,
        "make": "Tesla",
        "model": "Model Y",
        "price": 64950,
        "month": "June",
        "dob" : "2023-04-28T11:19:3SZ"
    },
    {
        "id": 2,
        "make": "Ford",
        "model": "F-Series",
        "price": 33850,
        "month": "October",
        "dob": "2023-04-28T11:19:3SZ"
    },
    {
        "id": 3,
        "make": "Toyota",
        "model": "Corolla",
        "price": 29600,
        "month": "August",
        "dob": "2023-04-28T11:19:3SZ"
    },
    {
        "id": 4,
        "make": "Mercedes",
        "model": "EQA",
        "price": 48890,
        "month": "February",
        "dob": "2023-04-28T11:19:3SZ"
    },
    {
        "id": 5,
        "make": "Fiat",
        "model": "500",
        "price": 15774,
        "month": "January",
        "dob": "2023-04-28T11:19:3SZ"
    },
    {
        "id": 6,
        "make": "Nissan",
        "model": "Juke",
        "price": 20675,
        "month": "March",
        "dob": "2023-04-28T11:19:3SZ"
    },
    {
        "id": 7,
        "make": "Vauxhall",
        "model": "Corsa",
        "price": 18460,
        "month": "July",
        "dob": "2023-04-28T11:19:3SZ"
    },
    {
        "id": 8,
        "make": "Volvo",
        "model": "EX30",
        "price": 33795,
        "month": "September",
        "dob": "2023-04-28T11:19:3SZ"
    },
    {
        "id": 9,
        "make": "Mercedes",
        "model": "Maybach",
        "price": 175720,
        "month": "December",
        "dob": "2023-04-28T11:19:3SZ"
    },
    {
        "id": 10,
        "make": "Vauxhall",
        "model": "Astra",
        "price": 25795,
        "month": "April",
        "dob": "2023-04-28T11:19:3SZ"
    },
    {
        "id": 11,
        "make": "Fiat",
        "model": "Panda",
        "price": 13724,
        "month": "November",
        "dob": "29 April 2011"
    },
    {
        "id": 12,
        "make": "Jaguar",
        "model": "I-PACE",
        "price": 69425,
        "month": "May",
        "dob": "1-april-2021"
    },
    {
        "id": 13,
        "make": "Tesla",
        "model": "Model Y",
        "price": 64950,
        "month": "June",
        "dob": "2023-04-28T11:19:3SZ"
    },
    {
        "id": 14,
        "make": "Ford",
        "model": "F-Series",
        "price": 33850,
        "month": "October",
        "dob": "2023-04-28T11:19:3SZ"
    },
    {
        "id": 15,
        "make": "Toyota",
        "model": "Corolla",
        "price": 29600,
        "month": "August",
        "dob": "2023-04-28T11:19:3SZ"
    },
    {
        "id": 16,
        "make": "Mercedes",
        "model": "EQA",
        "price": 48890,
        "month": "February",
        "dob": "2023-04-28T11:19:3SZ"
    },
    {
        "id": 17,
        "make": "Fiat",
        "model": "500",
        "price": 15774,
        "month": "January",
        "dob": "2023-04-28T11:19:3SZ"
    },
    {
        "id": 18,
        "make": "Nissan",
        "model": "Juke",
        "price": 20675,
        "month": "March",
        "dob": "2023-04-28T11:19:3SZ"
    },
    {
        "id": 19,
        "make": "Vauxhall",
        "model": "Corsa",
        "price": 18460,
        "month": "July",
        "dob": "2023-04-28T11:19:3SZ"
    },
    {
        "id": 20,
        "make": "Volvo",
        "model": "EX30",
        "price": 33795,
        "month": "September",
        "dob": "2023-04-28T11:19:3SZ"
    },
    {
        "id": 21,
        "make": "Mercedes",
        "model": "Maybach",
        "price": 175720,
        "month": "December",
        "dob": "2023-04-28T11:19:3SZ"
    },
    {
        "id": 22,
        "make": "Vauxhall",
        "model": "Astra",
        "price": 25795,
        "month": "April",
        "dob": "2023-04-28T11:19:3SZ"
    },
    {
        "id": 23,
        "make": "Fiat",
        "model": "Panda",
        "price": 13724,
        "month": "November",
        "dob": "2023-04-28T11:19:3SZ"
    },
    {
        "id": 24,
        "make": "Jaguar",
        "model": "I-PACE",
        "price": 69425,
        "month": "May",
        "dob": "2023-04-28T11:19:3SZ"
    },
    {
        "id": 25,
        "make": "Tesla",
        "model": "Model Y",
        "price": 64950,
        "month": "June",
        "dob": "2023-04-28T11:19:3SZ"
    },
    {
        "id": 26,
        "make": "Ford",
        "model": "F-Series",
        "price": 33850,
        "month": "October",
        "dob": "2023-04-28T11:19:3SZ"
    }
]